<?xml version="1.0"?>

<!-- DH 89, ZK-SWR -->

<PropertyList>
  <sim>
    <model>
      <livery>
        <name type="string">ZK-SWR - Swissair</name>
        <texture>Liveries/4096x4096/ZK-SWR.png</texture>
<!--
        <diffuse>
          <red>   0.5 </red>
          <green> 0.5 </green>
          <blue>  0.5 </blue>
        </diffuse>

        <ambient>
          <red>   0.5 </red>
          <green> 0.5 </green>
          <blue>  0.5 </blue>
        </ambient>
-->
        <specular>
          <red>   0.3 </red>
          <green> 0.3 </green>
          <blue>  0.3 </blue>
        </specular>

        <emission>
          <red>   0.2 </red>
          <green> 0.2 </green>
          <blue>  0.2 </blue>
        </emission>
<!--
        <transparency>
          <alpha> 0.0 </alpha>
        </transparency>

        <shininess>10</shininess>
-->
      </livery>
    </model>
  </sim>
</PropertyList>
